doc_id,filename,title,auto_detected_type,manual_type,notes,corrected_date
1ae265ae49f73804ac08b0012043be8d22cd571e,082225 - Draft Oral Statement - Wiechers_final.docx,Alternative Mental Health Therapies Oral Testimony 8.22.2025,Testimony - Congress Speeches,,,
0e2d4e9c03ee40ccd9f45bbe536187cf585deaad,"1-11-24 Marijuana Moment-Military Veterans Who Received Psychedelic Ibogaine Treatment Saw Dramatic And Life-Changing Improvements In PTSD And Depression, Stanford Study Finds.docx","Marijuana Moment 1-11-24--Military Veterans Who Received Psychedelic Ibogaine Treatment Saw Dramatic And Life-Changing Improvements In PTSD And Depression, Stanford Study Finds",Publications-Studies,,,
8982cd9035b982e209cd02ca3877c0ca1c9d5e1c,"1-11-24 Marijuana Moment-Military Veterans Who Received Psychedelic Ibogaine Treatment Saw Dramatic And Life-Changing Improvements In PTSD And Depression, Stanford Study Finds.docx","Marijuana Moment 1-11-24--Military Veterans Who Received Psychedelic Ibogaine Treatment Saw Dramatic And Life-Changing Improvements In PTSD And Depression, Stanford Study Finds",Publications-Studies,,,
7f97ac113028885350474eb97e61167d24b95467,10d - VHA Research final.docx,"VA Research – ORD Key Messages, Clinical Trials, and Animal Research (Final, Jan 2026)",Other-Misc Documents,,,
0aec8dc15677f30b531df82adc766a54daef18da,11-11-24 Baylor College of Medicine--Clinical psychologist studies psychedelic drugs to treat PTSD in veterans.docx,11-11-24 Baylor College of Medicine--Clinical psychologist studies psychedelic drugs to treat PTSD in veterans,Other-Misc Documents,,,
119537786cc6dff3f61c5f487a9d3549e120a12c,11-11-24 Medical Press--Veterans study finds virtual mental health care can significantly reduce suicide.docx,11-11-24 Medical Press--Veterans study finds virtual mental health care can significantly reduce suicide,Publications-Studies,,,
e731eb0b3724d9b9fe92b66f51fc161117d3a1dc,1Marijuana Moment 10-9-24--New Hampshire Lawmakers Recommend State Consider Psychedelic Therapy Access Options.docx,Marijuana Moment 10-9-24--New Hampshire Lawmakers Recommend State Consider Psychedelic Therapy Access Options,Other-Misc Documents,,,
3d7b42ee80aa18c398cbf48684bea30e297d3f4a,2023 Quadrennial Science and Technology Review report_JAN2024_VA ORD Edits.docx,2023 Quadrennial Science and Technology Review report,Other-Misc Documents,,,
028f24761e26cf97626fce45141ca2858b9b3516,20231125 Psychedelics Summary for SECVA_final 11.26[9].docx,11-25-23: Research on Treating Mental Health Conditions with Psychedelic-Assisted Psychotherapy,Other-Misc Documents,,,
c60f8fd20a257406501c2000215ee57ff617650f,2024.05.06_MVP Data Access Expansion Plan for Rachel_AAMC presentation.docx,5-6-24 MVP Data Access Expansion Plan for Rachel: AAMC presentation,Slide Presentations,,,
9296a75ac53d418c53b4ef37228dab3623352742,2025 PRESIDENTIAL TRANSITION--TOPIC SUMMARY-PSYCHEDELIC ASSISTED THERAPY.docx,2025 PRESIDENTIAL TRANSITION--TOPIC SUMMARY-PSYCHEDELIC ASSISTED THERAPY,Other-Misc Documents,,,
55ebb00215b4fd42d90001ed5304ca2662d15a54,2026 CTR - Precision Oncology Program for Cancer of the Prostate (POPCaP)-Report.pdf,2026 CTR - Precision Oncology Program for Cancer of the Prostate (POPCaP)-Report,Other-Misc Documents,,,
6239d4a1fa4ebe297bd38c1f52f6944287c46334,210623 SVAC Legislative Hearing Testimony_FINAL TO COMMITTEE (1).pdf,210623 SVAC Legislative Hearing Testimony_FINAL TO COMMITTEE (1),Testimony - Congress Speeches,,,
a81400376384eddaa5b0b8ecb8e502f826daf044,4 TOP COINS - MR DRAFT ARTICLE 12-9-24.docx,4 TOP COINS - MR DRAFT ARTICLE 12-9-24,News Articles,,,
2dd8d6cfe05ea2f1d8e73576bf971a4d2e8493ec,5-20-24 MVP-NIH BIG GENOMIC DATABASE PROGRAM.docx,5-20-24 Comparing MVP to NIH's Big Genomic Database Program,Other-Misc Documents,,,
054a6ed9408340559535eaae8e528db569fd6eea,5-4-24 The Atlantic-Marijuana's Health Effects are about to become clearer 5.4.24.docx,The Atlantic 5-4-24--Marijuana's Health Effects are about to become clearer,Other-Misc Documents,,,
88d024db60435bec53f27958b2799e138dcda9d4,5-4-24 The Atlantic-Marijuana's Health Effects are about to become clearer 5.4.24.docx,The Atlantic 5-4-24--Marijuana's Health Effects are about to become clearer,Other-Misc Documents,,,
b417bb5b7ef6aafd73ac619273e35f9e8a919863,"6-11-24 Easton Express Times--For nurse practitioners, barrier remains despite health care shortage Though lawmakers have long proposed giving full practice authority, bill keeps dying..docx","Easton Express Times 6-11-24--For nurse practitioners, barrier remains despite health care shortage: Though lawmakers have long proposed giving full practice authority, bill keeps dying",Other-Misc Documents,,,
f451abbfd67e7c5a24207f67133ec1f07bf78242,6-20-24 BBC--FDA advisors voted against MDMA therapy – researchers are still fighting for it.docx,BBC 6-20-24--FDA advisors voted against MDMA therapy: researchers are still fighting for it,Other-Misc Documents,,,
3ba24773e864ea89e6d54313ac0a329a148bcb2f,6-25-24 Urotoday VA’s Million Veteran Program Reveals Crucial Genetic Data for Prostate Cancer Treatment.docx,Urotoday 6-25-24--VA’s Million Veteran Program Reveals Crucial Genetic Data for Prostate Cancer Treatment,Other-Misc Documents,,,
da92110283a5d799be53303c507c703376feb1c7,7-2-24 OHSU study Women veterans at higher risk for repeat suicide attempts.docx,OHSU study 7-2-24--Women veterans at higher risk for repeat suicide attempts,Publications-Studies,,,
9d322a72ba4c8f855eb8538b9a1b27bb3f57e6a3,8-24 PACT Act Toxic Exposure Research Work Group 5-Year Interagency Strategic Plan.pdf,8-24 PACT Act Toxic Exposure Research Work Group 5-Year Interagency Strategic Plan,Other-Misc Documents,,,
434cf35f63281062681d05e2da9ed8b890f03af2,AI MELTWATER NEWS LINKS.docx,AI MELTWATER NEWS LINKS,News Articles,,,
b068043bb3f0e2d30703ba89ed01eb83df3347c7,AI MELTWATER NEWS LINKS.docx,AI MELTWATER NEWS LINKS,News Articles,,,
c1d183b814a6d27f508d0efb8f37c286aac43374,AI article 4-30-24--The neglected U.S. victims of Agent Orange.docx,The Washington Post 4-30-24--The neglected U.S. victims of Agent Orange,News Articles,,,
0e9389b792fd1673570dde286af7aa7d7d36cc17,AI article 4-30-24--The neglected U.S. victims of Agent Orange.docx,The Washington Post 4-30-24--The neglected U.S. victims of Agent Orange,News Articles,,,
e6395d112480c4a673340e3008e3b8bffa27755f,AI article 5-15-24--Lawmakers question VA's 'keep the lights on' budget for technology.docx,Stars and Stripes 5-15-24--Lawmakers question VA's 'keep the lights on' budget for technology,News Articles,,,
0e83430e7a054bd55915c545da717a9c866c03ee,AI article 5-15-24--Lawmakers question VA's 'keep the lights on' budget for technology.docx,Stars and Stripes 5-15-24--Lawmakers question VA's 'keep the lights on' budget for technology,News Articles,,,
04675d728f2b5ed50e68e2fce15fec4ffefceb36,AI article 5-6-24--The do's and don'ts of AI campaigning.docx,The Washington Post 5-6-24--The do's and don'ts of AI campaigning,News Articles,,,
c1af2750aef8b2d32a3d73586b9f7ab5bf280816,AI article 5-6-24--The do's and don'ts of AI campaigning.docx,The Washington Post 5-6-24--The do's and don'ts of AI campaigning,News Articles,,,
45eb212f878884370e02ce3e6a06b37c3e457824,Active and Recently Completed Research--As of November 2021.docx,Covid Active and Recently Completed Research--As of November 2021,Other-Misc Documents,,,
fe0ec9ff9348d1908a0862cbc0498a7bc8b7e059,Additional Info Psychedelic Research VA 12 10 23.docx,12-10-23: Research on Treating Mental Health Conditions with  Psychedelic-assisted Psychotherapy,Other-Misc Documents,,,
45d67d78bdc33521f07e78d9685a64006523bd53,Animal Research TPs - 3.6.24.docx,3-6-24: Animal Research Talking Points,Talking Points - Other,,,
775952f00f80166948fb69d8cc889f52e5b2a25c,Animal Research TPs - 3.6.24.docx,3-6-24: Animal Research Talking Points,Talking Points - Other,,,
1ed06419bb23b03149e87b6259a74ee1028158dc,Animal Research in VA_ Overview.pdf,Animal Research in VA_ Overview,Other-Misc Documents,,,
775f85f3b573581846edd99d90103c63c7976fcb,Animal Research in VA_ Overview.pdf,Animal Research in VA_ Overview,Other-Misc Documents,,,
2aad1d9d1d5f81a3f79488b3fa39132acdc11754,Article_ Politico_ The VA’s high hopes for psychedelics.docx,Politico 5-10-24--The VA’s High Hopes for Psychedelics,News Articles,,,
9a1cc06a6f1df40244a09ea51a1c3688cf4dc8ff,Artificial Intelligence News Articles.docx,Artificial Intelligence Web-Based News Articles,News Articles,,,
e704a3774c0a4422c911a9705fca0c66295e7cbb,Artificial Intelligence News Articles.docx,Artificial Intelligence Web-Based News Articles,News Articles,,,
2468696f8232f5f30d4a981bccf495bcb78147f3,BACKGROUND PAPER (VA)--Traumatic Brain Injury-A Guide for Patients.pdf,Traumatic Brain Injury: A Guide for Patients,Other-Misc Documents,,,
ee82f0ee795847bc76bfeeceb12f2521de44f36d,BACKGROUND PAPER--Federal Register 2018 Special Monthly Compensation for Veterans with Traumatic Brain Injury.pdf,BACKGROUND PAPER--Federal Register 2018 Special Monthly Compensation for Veterans with Traumatic Brain Injury,Other-Misc Documents,,,
a8f4fd9057c742a2911f96ae4f34b171fff47b31,BACKGROUND PAPER--Traumatic Brain Injury Examination.pdf,"July 11, 2002",Other-Misc Documents,,,
9b54a5b074a6eceb234d966eb544f9a2a0a4035d,BACKGROUND PAPER--VA Research on Traumatic Brain Injury-1.pdf,BACKGROUND PAPER--VA Research on Traumatic Brain Injury-1,Other-Misc Documents,,,
d84bf09754e6da800b48cd3e0ab4a84834cb369a,BACKGROUND PAPER--VA Research on Traumatic Brain Injury-2.pdf,VA Research on Traumatic Brain Injury,Other-Misc Documents,,,
2e4b90a59c2874fb3dfcb4cf0c1b708dd9a32159,Becker’s GI & Endoscopy 11-4-24--AI-assisted colonoscopy leads to higher benign lesion removal rates-Study.docx,Becker’s GI & Endoscopy 11-4-24--AI-assisted colonoscopy leads to higher benign lesion removal rates-Study,Publications-Studies,,,
2d2f5d3baeb2429d69d81c95ec91e8985e17cc56,Becker’s GI & Endoscopy 11-4-24--AI-assisted colonoscopy leads to higher benign lesion removal rates-Study.docx,Becker’s GI & Endoscopy 11-4-24--AI-assisted colonoscopy leads to higher benign lesion removal rates-Study,Publications-Studies,,,
064ee4a10671bb425a91fe932756a2b483d6c395,Boston Globe 9-8-24--The early evidence is flashing red-Elizabeth Warren convenes panel on military blast injuries.docx,Boston Globe 9-8-24--The early evidence is flashing red-Elizabeth Warren convenes panel on military blast injuries,Other-Misc Documents,,,
d7a1b00fe1fb7b77edb44619df4cda852259f8bb,CANNABIS MELTWATER NEWS LINKS.docx,CANNABIS MELTWATER NEWS LINKS,News Articles,,,
1163a9417cba8d3231a9b1e813a6988f7f374b36,CANNABIS MELTWATER NEWS LINKS.docx,CANNABIS MELTWATER NEWS LINKS,News Articles,,,
65c5a93fe9401a802d95e2f4ad23ee1bd28d0996,CANNABIS STUDIES.xlsx,CANNABIS STUDIES,Other-Misc Documents,,,
7450235cc931812ac364d34a471e2494fd5a59d2,CANNABIS STUDIES.xlsx,CANNABIS STUDIES,Other-Misc Documents,,,
b635d3614fce74b0a7ecf631c8a2e2bb5e190bb0,CANNABIS TALKING POINTS -- FINAL VERSION.docx,Cannabis Talking Points -- Final Version,Talking Points - Other,,,
be25abc9e694607e96f26ece87ee1296648a798b,CANNABIS WEB NEWS ARTICLES.docx,Cannabis Web News Articles,News Articles,,,
1ab45fd11f30a60cab826d6c3ac5a6a394ea4c5c,CANNABIS WEB NEWS ARTICLES.docx,Cannabis Web News Articles,News Articles,,,
a45312753ce61c19da5e4455d11e82cd1657fb32,CBS News 2-2-25--Nine veterans with PTSD went to Mexico for a psychedelic retreat.docx,CBS News 2-2-25--Nine veterans with PTSD went to Mexico for a psychedelic retreat,News Articles,,,
d3aac9158b476b9cf418271b4541109a18bc1971,CLINICAL TRIALS MELTWATER NEWS LINKS.docx,Clinical Trials News Links via media monitoring software (Meltwater),News Articles,,,
4dcb89dfab306ec0bf0d55f50971ce2b4b3c47cd,CLINICAL TRIALS TPs.docx,Clinical Trials: Talking Points,Talking Points - Other,,,
7562321c136d4e3f5e746cd91f5126b3c9a8edaa,"CNN 8-5-24--With FDA decision looming, bipartisan group of lawmakers urge support for MDMA to treat PTSD.docx","CNN 8-5-24--With FDA decision looming, bipartisan group of lawmakers urge support for MDMA to treat PTSD",Other-Misc Documents,,,
fc19ae9806179d09620624071c3f2f08625d7a6d,"CNN 8-8-24--More than 385,000 Camp Lejeune contamination claims have been filed. So far, the US government has offered to pay 114 of them.docx","CNN 8-8-24--More than 385,000 Camp Lejeune contamination claims have been filed. So far, the US government has offered to pay 114 of them",Other-Misc Documents,,,
a8b38f86bdfffee1f08a7e8b19a800973d233aa5,COIN--Bedford-Boston CHOIR Summary Revised.docx,COIN--Bedford-Boston CHOIR Summary Revised,Other-Misc Documents,,,
fb606b42b3f690d0935c57f9603b0bb13b81f791,COIN--Center for Health Equity Research and Promotion (CHERP).docx,COIN--Center for Health Equity Research and Promotion (CHERP),Other-Misc Documents,,,
a83182c84092b13052e1eb2f4cc3d51b7b6d8f02,"COIN--Center for Innovations in Quality, Effectiveness and Safety (IQuESt).docx","COIN--Center for Innovations in Quality, Effectiveness and Safety (IQuESt)",Other-Misc Documents,,,
ecc532847227834ba5e52010f7c2049d7c070a5c,"COIN--Center for the Study of Healthcare Innovation, Implementation and Policy (CSHIIP).docx","COIN--Center for the Study of Healthcare Innovation, Implementation and Policy (CSHIIP)",Publications-Studies,,,
de0f2d1e4e3108f9495f9e88b80f2c1d9816a6e5,COIN--Charleston HEROIC Summary 12-2-24.docx,COIN--Charleston HEROIC Summary 12-2-24,Other-Misc Documents,,,
15cac682d7b9b501907568923e9b4cff5a22e35d,COIN--Durham ADAPT Summary 11-18-24.docx,COIN--Durham ADAPT Summary 11-18-24,Other-Misc Documents,,,
9d22c1073febe5a2ec1f4281cb2274a79f907b8e,COIN--Hines CINCCH Summary 10-30-2024.docx,COIN--Hines CINCCH Summary 10-30-2024,Other-Misc Documents,,,
d66e137d08e46decca28f8b2d4297ab4b6f417a0,COIN--Indianapolis CHIC Summary 10-31-24.docx,COIN--Indianapolis CHIC Summary 10-31-24,Other-Misc Documents,,,
0aee142e38888a539eddb7c65d657911d60fb2d7,COIN--Iowa City CADRE Summary 10-21-24.docx,COIN--Iowa City CADRE Summary 10-21-24,Other-Misc Documents,,,
f7d54d659d9fb7da3f0d379012beeb839bdc0197,COIN--Little Rock CeMHOR Summary 10-08-24.docx,COIN--Little Rock CeMHOR Summary 10-08-24,Other-Misc Documents,,,
0b59ebf7d09869bcd19511ae94606f4d2b91d4d6,COIN--Minneapolis CCDOR Summary 10-21-24.docx,COIN--Minneapolis CCDOR Summary 10-21-24,Other-Misc Documents,,,
f5417b3bab634710ce0a89e86fa2d7bc98f51788,COIN--Nashville - VETWISE-LHS Summary 9-27-24.docx,COIN--Nashville - VETWISE-LHS Summary 9-27-24,Other-Misc Documents,,,
6d7272f96f0ba12b240b9ca3b4653516a6a1a757,COIN--New York VETCARE Summary 10-29-24.docx,COIN--New York VETCARE Summary 10-29-24,Other-Misc Documents,,,
c95d27e8608a6f9330a8a5db147e76fe0324a37d,COIN--Palo Alto Ci2i Summary 11-18-24.docx,COIN--Palo Alto Ci2i Summary 11-18-24,Other-Misc Documents,,,
57d763c9b304a1dfbc5ca6131c00aea5e71e888c,COIN--Portland CIVIC Summary 9-24-24.docx,COIN--Portland CIVIC Summary 9-24-24,Other-Misc Documents,,,
8f6d92ae166e1683fa70166228225144b6f79bd5,COIN--Salt Lake City IDEAS Summary Revised.docx,COIN--Salt Lake City IDEAS Summary Revised,Other-Misc Documents,,,
3ebb9677a4d854723ac86c7e034861390e0323cc,COIN--San Francisco 3DI Summary 9-25-24.docx,COIN--San Francisco 3DI Summary 9-25-24,Other-Misc Documents,,,
c1f220b3d56600935432d3a5f1962255ffad799b,COIN--Seattle-Denver Summary 9-30-24.docx,COIN--Seattle-Denver Summary 9-30-24,Other-Misc Documents,,,
bdd05de74843dcfc86139e2a8da56384812f3926,COIN--Transformative Health Systems Research to Improve Veteran Equity (THRIVE) Center of Innovation.docx,COIN--Transformative Health Systems Research to Improve Veteran Equity (THRIVE) Center of Innovation,Other-Misc Documents,,,
071aee3a03346df527fba9ad876c8bbf3695cd73,COIN--VA Center for Clinical Management Research (CCMR).docx,COIN--VA Center for Clinical Management Research (CCMR),Other-Misc Documents,,,
98824e1e1c6dad8d8ec3125d1036f43f7b6a6f7f,COOPERATIVE STUDIES PROGRAM-INVESTIGATOR GUIDELINES.pdf,VA Cooperative Studies Program Investigator Guidelines,Other-Misc Documents,,,
f2cd39c868a245372ec85824c5bd3df466dfaf62,COVID-19 CLINICAL TRIALS.docx,COVID-19 CLINICAL TRIALS,Other-Misc Documents,,,
d154ba98fd2fa352b4520da583c3e69bccb868e3,COVID-19 COMMENTARY.docx,COVID-19 COMMENTARY,Other-Misc Documents,,,
6248a0953dddc547af9ae5e825586b6c00ad746f,COVID-19 DATA ANALYSIS-REVIEW.docx,COVID-19 DATA ANALYSIS-REVIEW,Other-Misc Documents,,,
c9c56d44e2182326ec963889b1a18e63ad29bc81,COVID-19 LABORATORY STUDIES.docx,COVID LABORATORY STUDIES,Other-Misc Documents,,,
307c0d6ff3cfbfe8df24f84dd05a381ffa6a8101,COVID-19 OTHER RESEARCH.docx,COVID-19 OTHER RESEARCH,Other-Misc Documents,,,
d73cded655479fdad293a4ac61942285bf367b9b,CSPEAR_FactSheet_CauseDeath_Suppl_v1.0_Oct2025.pdf,CSPEAR_FactSheet_CauseDeath_Suppl_v1.0_Oct2025,Other-Misc Documents,,,
6b6b7773faab33c686d8fa74483c6fb103ff9ec5,CSPEAR_FactSheet_CauseDeath_VA_v1.0_Oct2025.pdf,CSPEAR_FactSheet_CauseDeath_VA_v1.0_Oct2025,Other-Misc Documents,,,
a177087982ee750c80cf5c8cee2c2aa1497f10fe,CSPEAR_FactSheet_CauseDeath_VAvsCDC_v1.0_Oct2025.pdf,CSPEAR_FactSheet_CauseDeath_VAvsCDC_v1.0_Oct2025,Other-Misc Documents,,,
f0c054c67421179ebff51f0eda2b18889cf61956,Cancer Cabinet Meeting 9_13 v2.docx,9-13-24: Notes from VA Cancer Cabinet Meeting,Other-Misc Documents,,,
a55b9f7577fdf20cca25b7ad63305f606c5dbc73,Cancer Moonshot Progress v1 09292023 updated 10.12.23.docx,9-29-23: VA Cancer Moonshot Initiatives & National Oncology Program Progress,Other-Misc Documents,,,
b315e8908ffca9b3d5fb659e7924e5f3ba6faf3c,Cancer Moonshot Talking Points 11-01-23.docx,11-1-23 Cancer Moonshot Talking Points,Talking Points - Other,,,
15d48c12a00895ca615d48cd55aefcbdef7fe859,Cannabis Research Summary-June2025-final.docx,VIEWS 13228236:  Letter for Secretary Collins on VA Medical Cannabis Access,Other-Misc Documents,,,
062866f48fd53d2eac9e2bf4e764cb78e53bdee4,Cannabis Research Summary-June2025-final.docx,VIEWS 13228236:  Letter for Secretary Collins on VA Medical Cannabis Access,Other-Misc Documents,,,
da9b3a0c2ddc6f7e68e76e1b6bd787332114a718,Cannabis use disorder contributes to cognitive dysfunction in Veterans with traumatic brain injury.pdf,Cannabis use disorder contributes to cognitive dysfunction in Veterans with traumatic brain injury,Other-Misc Documents,,,
a202f57320ae6d6c54dfcaa38c84b1b84715185d,Cannabis use disorder contributes to cognitive dysfunction in Veterans with traumatic brain injury.pdf,Cannabis use disorder contributes to cognitive dysfunction in Veterans with traumatic brain injury,Other-Misc Documents,,,
caa9d7cd1f350fbbfb7575c2aae068fcff0633c7,Charge for Opening of SOTA for 9.27.23 Dr. Clancy 9.22.23 final.docx,Dr. Carolyn Clancy statement: State of the Art Conference: Psychedelic Treatments for Mental Health Conditions (9-22-23),Other-Misc Documents,,,
634124eabb14b793da81a89118e3942e83322f22,Chronic Pain in Veterans and Servicemembers with a History of Mild Traumatic Brain Injury A Systematic Review.pdf,Chronic Pain in Veterans and Servicemembers with a History of Mild Traumatic Brain Injury: A Systematic Review,Other-Misc Documents,,,
6678c431b0bc0e0b7dec0adb0f94237761a44e58,Cleveland.com 10-15-24--CWRU and Cleveland VAs groundbreaking $1.14M project--Using AI to fight colorectal cancer.docx,Cleveland.com 10-15-24--CWRU and Cleveland VAs groundbreaking $1.14M project--Using AI to fight colorectal cancer,Other-Misc Documents,,,
1782dda0345f3dc7d68a8097a1acd11137f44aa4,Cleveland.com 10-15-24--CWRU and Cleveland VAs groundbreaking $1.14M project--Using AI to fight colorectal cancer.docx,Cleveland.com 10-15-24--CWRU and Cleveland VAs groundbreaking $1.14M project--Using AI to fight colorectal cancer,Other-Misc Documents,,,
c8d4b13f66dfc64d90d62aa34e471df52dac65c0,Complications of Mild Traumatic Brain Injury in Veterans and Military Personnel--A Systematic Review.pdf,Complications of Mild Traumatic Brain Injury in Veterans and Military Personnel: A Systematic Review,Other-Misc Documents,,,
1f76818518a171d9973d71b3dc039bf3a8d846b7,DR MARK UPTON TESTIMONY 6-23-21.pdf,DR MARK UPTON TESTIMONY 6-23-21,Testimony - Congress Speeches,,,
27f0811cf75bcc435e684cbaa4f9fe76eb2c7951,DRAFT - USH Questions - VHA Psychedelics - 10182024.docx,DRAFT--USH Questions--VHA Psychedelics 10-18-2024,Other-Misc Documents,,,
ba6cf299f96885bd60200133b831f70eaba9c4a2,DRAFT Responses on Claims of VA Clinical Trial Interruptions .docx,clarifying misunderstandings and misstatements about VA’s clinical trials,Other-Misc Documents,,,
12c6e7ee5a4b32be829ee9d0afa60b294f223780,"Disabled American Veterans 10-3-24--Legislation calls for improved mental health care, Outreach for Women Veterans.docx","Disabled American Veterans 10-3-24--Legislation calls for improved mental health care, Outreach for Women Veterans",Other-Misc Documents,,,
044ed6e68565fe88d70f4987e7cb6b855a631ef2,Distillation of MVP vs All of Us.docx,OPIA Distillation: MVP vs. All of Us,Other-Misc Documents,,,
d50c25d2d5d009115afc3d3985df9ec14cdfa60b,Dr. David Carroll Testimony 10.31.21.pdf,Dr. David Carroll Testimony 10.31.21,Testimony - Congress Speeches,,,
6499ae86cc48ef39920302d25c99947b6ebb5ec2,Dr. Keita Franklin Statement 04.30.19.pdf,Dr. Keita Franklin Statement 04.30.19,Other-Misc Documents,,,
557fd7221c715cba24a42743e00ca82a46ff9303,Dr. Wisniewska ltr. 14121072.pdf,Dr. Wisniewska ltr. 14121072,Other-Misc Documents,,,
be67328db6e7f862cb4ba36fd02adf65f9863c58,Dr. Wisniewska ltr. 14121072.pdf,Dr. Wisniewska ltr. 14121072,Other-Misc Documents,,,
172a317b7eceb32ccf6925e9ff6400d729d1f4f2,Elnahal comments PsychedelicsSOTA.09282023 1.docx,Dr. Shereef Elnahal statement: Psychedelics State of the Art (9-14-23),Other-Misc Documents,,,
dec01fe1e47544f1f4d437d28d05f1f720ae798b,Enterprise Transformation Resource Library Overview.docx,Enterprise Transformation Resource Library Overview,Other-Misc Documents,,,
6f7d4730c8c974312fd58e6319da494364108ca4,"Evidence Brief--Transcranial Magnetic Stimulation (TMS) for Chronic Pain, PTSD, TBI, Opioid Addiction, and Sexual Trauma.pdf","Evidence Brief: Transcranial Magnetic Stimulation (TMS) for Chronic Pain, PTSD, TBI, Opioid Addiction, and Sexual Trauma",Other-Misc Documents,,,
cdd326401af41c9ccd466729723895d8174e80cf,Evidence Brief--Traumatic Brain Injury and Dementia.pdf,Evidence Brief: Traumatic Brain Injury and Dementia,Other-Misc Documents,,,
45ac3a837226faf4010960865788714508fabea2,FY24 NDAA Conference Report -  FINAL.pdf,FY24 NDAA Conference Report -  FINAL,Other-Misc Documents,,,
543d9d7882932715453a806e27fad04991c10b9c,FY24 NRAC REPORT--PRECISION ONCOLOGY.docx,FY24 NRAC REPORT--PRECISION ONCOLOGY,Other-Misc Documents,,,
3e5a9dda4990d0be25017c2b3b3f88ecaf277ab4,Federal News Network 8-26-24--Veterans Affairs updates its database for burn pit research.docx,Federal News Network 8-26-24--Veterans Affairs updates its database for burn pit research,News Articles,,,
0667b66b69b615d3e6f46bb5d999dabafd72f4ea,Federal Times 6-14-24 House defense bill would undo Pentagon’s abortion travel policy.docx,Federal Times 6-14-24 House defense bill would undo Pentagon’s abortion travel policy,Other-Misc Documents,,,
50acfd048f0fb1a33021a48e9766b389110bb851,Frequently Asked Questions about VA Animal Research.pdf,Frequently Asked Questions about VA Animal Research,Other-Misc Documents,,,
4d7d56fe081de16732c0a0c33a381ea42f095d15,Frequently Asked Questions about VA Animal Research.pdf,Frequently Asked Questions about VA Animal Research,Other-Misc Documents,,,
6748e6962f51139af45e0a227f82796457b267a5,GAO-Testimony House Veterans' Affairs Committee- Statement of Alyssa M. Hundrup Director Health Care.pdf,"GAO-24-107245, VA HEALTH CARE: Office of Rural Health Efforts and Recommendations for Improvement",Testimony - Congress Speeches,,,
d73c3edd32b178d59da5f15a75fd911837944ea8,GAO-Testimony before the House Committee on Veterans' Affairs.pdf,"GAO-24-107245, Accessible Version, VA HEALTH CARE: Office of Rural Health Efforts and Recommendations for Improvement",Testimony - Congress Speeches,,,
948a85a4af6732d0bdde7aa75855ba5033137971,GAO-VA HEALTH CARE--Efforts and Recommendations for Improvementd 1-11-24.pdf,"GAO-24-107245 Highlights, VA HEALTH CARE: Office of Rural Health Efforts and Recommendations for Improvement",GAO,,,
19a7170e99c064af54c4ba249b4c91c532ae0594,Gender Differences in Performance Measures 2008-12.pdf,Women Veterans Health Care,Other-Misc Documents,,,
1f7cf0c6739791d6dba97b7b86586582728566d5,HHRG-118-VR03-Wstate-ClancyMDC-20231019.pdf,HHRG-118-VR03-Wstate-ClancyMDC-20231019,Other-Misc Documents,,,
a0472f1541bc71edd4d28e8433092b9b27dab771,HVAC Briefing Book 111825.pdf,HVAC Briefing Book 111825,Other-Misc Documents,,,
872dfb0cc18a1ca62b57a88e9ccd6a1213dc672a,Healthcare IT News 2-5-25--Is prediction the next frontier for artificial intelligence.docx,Healthcare IT News 2-5-25--Is prediction the next frontier for artificial intelligence,News Articles,,,
92cb9b69184cf8158e7eead9ffcc611f9a19d85e,Healthcare IT News 2-5-25--Is prediction the next frontier for artificial intelligence.docx,Healthcare IT News 2-5-25--Is prediction the next frontier for artificial intelligence,News Articles,,,
fd8768e143639591ea367f47913bdc3f4f201ed0,Healthcare Innovation 7-22-24-- Study Highlights Genetic Diversity of VA’s Million Veterans Program.docx,Healthcare Innovation 7-22-24-- Study Highlights Genetic Diversity of VA’s Million Veterans Program,Publications-Studies,,,
9d5937396c0c2c35de28fc9d7c19ad95c44383a8,IMPORTANT MVP LINKS -- Updated 10-4-24.docx,IMPORTANT MVP LINKS -- Updated 10-4-24,Other-Misc Documents,,,
61811e83344b42b07fa4f37571b1f280059e2de7,Impact of cannabis on non-medical opioid use and symptoms of posttraumatic stress disorder  a nationwide longitudinal VA study.pdf,Impact of cannabis on non-medical opioid use and symptoms of posttraumatic stress disorder: a nation,Publications-Studies,,,
40a8d200d1cce594e09ae4d7e732bfc6de5b6a2f,Impact of cannabis on non-medical opioid use and symptoms of posttraumatic stress disorder  a nationwide longitudinal VA study.pdf,Impact of cannabis on non-medical opioid use and symptoms of posttraumatic stress disorder: a nation,Publications-Studies,,,
61c81785631cb709929d5c231821865c6c64013f,Important Links--VA-DOD Clinical Practice Guidelines.docx,Important Links--VA-DOD Clinical Practice Guidelines,Other-Misc Documents,,,
760fa0c126131ba6516ea7faf7fec74bd7c3f0db,"Interventions to Support Caregivers or Families of Patients with TBI, PTSD, or Polytrauma A Systematic Review.pdf","Interventions to Support Caregivers or Families of Patients with TBI, PTSD, or Polytrauma: A Systematic Review",Other-Misc Documents,,,
037d13e3bbcd2751c5a4ad51113cefa2b1902b0c,Issue Brief VHA Maternity Health and Infertility Research 052125.docx,VA Maternal Health and Infertility Research,Other-Misc Documents,,,
b24992005c20e3c0cdfb008f0a22ae5f30fc1ecc,LA Post 12-10-24--Research reveals new hope for military personnel’s mental health.docx,LA Post 12-10-24--Research reveals new hope for military personnel’s mental health,Other-Misc Documents,,,
c81f2ee40900ea898251ecac7e7eefa15813fb78,Los Angeles Times 9-16-24 How AI can help researchers make esophageal cancer less deadly.docx,Los Angeles Times 9-16-24--How AI can help researchers make esophageal cancer less deadly,Other-Misc Documents,,,
9885ce9ae14077fcd0c3a94a240c53d1ce6e4a94,Los Angeles Times 9-16-24 How AI can help researchers make esophageal cancer less deadly.docx,Los Angeles Times 9-16-24--How AI can help researchers make esophageal cancer less deadly,Other-Misc Documents,,,
bba08aed16b22e3dcc018fb7524cc760eef6ce0c,MENTAL HEALTH NEWS LINKS.docx,MENTAL HEALTH NEWS LINKS,News Articles,,,
c9ea94dc3fbd37f5249ac9c136c59316aa7e347c,MERP GENERAL TALKING POINTS-FAQS April 2024.docx,MERP Talking Points-FAQS (4-29-24),Talking Points - Other,,,
c2e07c3b69fee2d246661f908b84083fb8571bf3,MVP Brief_Mental Health Research_03262025.docx,Background on VA’s Million Veteran Program – Mental Health Research,Other-Misc Documents,,,
c6c102dd7b3b6eea2e8e769cb09b6b34d05b19a1,MVP FACT SHEET -- Updated August 2024 Final.docx,MVP FACT SHEET -- Updated August 2024 Final,Other-Misc Documents,,,
dfe15f18e9048b56a4a7635d4766c65296a0b81d,MVP FACT SHEET--PRIVACY-SECURITY.pdf,MVP Fact Sheet: Research Findings,Other-Misc Documents,,,
44d426cd74fde1768637aeb138216744e70b6b64,MVP MELTWATER NEWS LINKS.docx,MVP MELTWATER NEWS LINKS,News Articles,,,
2e03f30a08dfe03e1e2438d09a964c31ed66262d,MVP NEWS ARTICLES.docx,MVP VA-related web links,News Articles,,,
8ba796acc6d474cb7bd86fd6de1591c3660be1fa,MVP TALKING POINTS -- _Updated 10-4-24.docx,MVP TALKING POINTS -- Updated 10-4-24,Talking Points - Other,,,
d154a9145255cd4b78868b3af7db899982fdf619,Marijuana Moment 10-22-24--New Guidebook Aims To Help Military Veterans Use Psychedelics To Heal From PTSD And Other Conditions.docx,Marijuana Moment 10-22-24--New Guidebook Aims To Help Military Veterans Use Psychedelics To Heal From PTSD And Other Conditions,Other-Misc Documents,,,
f4e218054a0127109fc8b31b44d907fdfac62905,Marijuana Moment 10-9-24--New Hampshire Lawmakers Recommend State Consider Psychedelic Therapy Access Options.docx,Marijuana Moment 10-9-24--New Hampshire Lawmakers Recommend State Consider Psychedelic Therapy Access Options,Other-Misc Documents,,,
2b5ec09819578c309822d383e135e53a12ea9ac5,Marijuana Moment 10-9-24--New Hampshire Lawmakers Recommend State Consider Psychedelic Therapy Access Options.docx,Marijuana Moment 10-9-24--New Hampshire Lawmakers Recommend State Consider Psychedelic Therapy Access Options,Other-Misc Documents,,,
3ecb9edf013ccf560a2168498e79b078ebdfd528,Marijuana Moment 12-30-24--The Psychedelics Movement Saw Wins And Losses At The Federal And State Levels In 2024.docx,Marijuana Moment 12-30-24--The Psychedelics Movement Saw Wins And Losses At The Federal And State Levels In 2024,Other-Misc Documents,,,
ebbbeb61c2c8dda99b607d1fad42587b2305aa4c,"Marijuana Moment 2-3-25--Trump Administration Will Take Bold Stance On Psychedelics Access For Veterans, Former Top VA Official Predicts.docx","Marijuana Moment 2-3-25--Trump Administration Will Take Bold Stance On Psychedelics Access For Veterans, Former Top VA Official Predicts",Other-Misc Documents,,,
e7452190c7f20fe2dd18c186b1eae424b23e5a25,Marijuana Moment 7-15-24--Senate Committee Pushes VA To Consider Medical Marijuana As Opioid Alternative For Military Veterans.docx,Marijuana Moment 7-15-24--Senate Committee Pushes VA To Consider Medical Marijuana As Opioid Alternative For Military Veterans,Other-Misc Documents,,,
21b9dc72ca2fe773185045397674132339ae1c5a,Marijuana Moment 8-13-24--VA Official Touts ‘Stunning’ Results Of MDMA Therapy Trial While Praising Sen. Kyrsten Sinema’s Psychedelic Knowledge.docx,Marijuana Moment 8-13-24--VA Official Touts ‘Stunning’ Results Of MDMA Therapy Trial While Praising Sen. Kyrsten Sinema’s Psychedelic Knowledge,Other-Misc Documents,,,
30db4389b5eb1a102f7309700e9f5cf691b00920,"Marijuana Moment 9-10-24--Federal Officials Say Psychedelic-Assisted Therapy Shows Promise For PTSD, But More Research Is Needed.docx","Marijuana Moment 9-10-24--Federal Officials Say Psychedelic-Assisted Therapy Shows Promise For PTSD, But More Research Is Needed",Other-Misc Documents,,,
4ffa0f8b633906c8053d6efd133b6831bcbe28a9,Marijuana Moment- VA Asks Congress To Amend Medical Marijuana Bill.docx,Marijuana Moment 3-21-24--VA Asks Congress To Amend Medical Marijuana Bill For Veterans While Opposing Psychedelics Measure At Hearing,Other-Misc Documents,,,
894e715dd3e1d962992aefec955dcfe265402dad,Marijuana Moment- VA Asks Congress To Amend Medical Marijuana Bill.docx,Marijuana Moment 3-21-24--VA Asks Congress To Amend Medical Marijuana Bill For Veterans While Opposing Psychedelics Measure At Hearing,Other-Misc Documents,,,
ed6499ce91b5b2e618c287e1de4148d6c443ed9f,Marijuana-RelatedResearch_VA_Funded.docx,Summary of Marijuana-Related Research Funded by VA,Other-Misc Documents,,,
24eac1707d0850bf8409fbff48743d632f3ecaba,MedCity News 10-30-24--What’s Next for Psychedelic Medicines.docx,MedCity News 10-30-24--What’s Next for Psychedelic Medicines,News Articles,,,
98c6458b798e18a2e3ac9c2dd1247f6c4b0b98df,"Medscape 9-2-24--FDA Rejects MDMA-AT for PTSD, but Lykos, Others, Vow to Push on.docx","Medscape 9-2-24--FDA Rejects MDMA-AT for PTSD, but Lykos, Others, Vow to Push on",Other-Misc Documents,,,
a1094f94770b0809e7908a5c56b7df5f6774db89,"Medscape Medical News 10-17-24--MDMA Is Off the Table, So What’s Next for PTSD (1).docx","Medscape Medical News 10-17-24--MDMA Is Off the Table, So What’s Next for PTSD",News Articles,,,
81b3e08f39e2cdd44aea4ff1a2d7c6a1b0af5ac4,"Medscape Medical News 10-17-24--MDMA Is Off the Table, So What’s Next for PTSD.docx","Medscape Medical News 10-17-24--MDMA Is Off the Table, So What’s Next for PTSD",News Articles,,,
6a1c5764b7bf9b78eadaaf213e6ca28a5ce1ef90,"Michigan Advance 7-11-24--U.S. lawmakers, advocates ask FDA to approve use of psychedelics for PTSD treatment.docx","Michigan Advance 7-11-24--U.S. lawmakers, advocates ask FDA to approve use of psychedelics for PTSD treatment",Other-Misc Documents,,,
365c8bc3c9f38241d077f8274de868553c9a9e94,Michigan Medicine - Ketamine helped many severely depressed...pdf,"Ketamine helped many severely depressed...erans, study shows _ Michigan Medicine",Publications-Studies,,,
0c53c1c9d22daa019860ac46043ab49f3bfd9077,Military Occupational Blast Exposure (MOBE) Talking Points 7-22-24.docx,Military Occupational Blast Exposure (MOBE) Talking Points 7-22-24,Talking Points - Other,,,
7d2b8c56fddf57367cd80e81cb6b15952cda6921,Military Occupational Blast Exposure Talking Points  7-22-24.docx,Military Occupational Blast Exposure Talking Points 7-22-24,Talking Points - Other,,,
51d5dc29114953432624f28155cf66a8dc5f3138,Military Times 10-22-24--VP Harris backs plan to provide medical care for military PFAS victims.docx,Military Times 10-22-24--VP Harris backs plan to provide medical care for military PFAS victims,Other-Misc Documents,,,
d866df284467e0fe558fd1ae7715268f4a984b55,"Military.com 2-13-25--Homegrown Trips-Desperate for PTSD Relief, Veterans Turn to Each Other for DIY Psychedelic Treatments.docx","Military.com 2-13-25--Homegrown Trips-Desperate for PTSD Relief, Veterans Turn to Each Other for DIY Psychedelic Treatments",Other-Misc Documents,,,
5373592ef032de223c8706f10036cfb3272ab81e,"Military.com 7-11-24--MDMA Treatment for Post-Traumatic Stress Gets Backing from Lawmakers, Advocates as FDA Raises Questions.docx","Military.com 7-11-24--MDMA Treatment for Post-Traumatic Stress Gets Backing from Lawmakers, Advocates as FDA Raises Questions",Other-Misc Documents,,,
d4ba1030e70c8229631ccbec4c64765cb8abf3f9,Military.com 8-1-24--New Burn Pit Registry Aims for Data on 4.7 Million Veterans to Assist in Research on Exposure to Hazards.docx,Military.com 8-1-24--New Burn Pit Registry Aims for Data on 4.7 Million Veterans to Assist in Research on Exposure to Hazards,Other-Misc Documents,,,
fdb8d8e8150d77a50be5d48842628d82410cb4f4,Million Veteran Program  Overview_ SECVA Hearing Prep_04282025BIF.docx,Million Veteran Program Overview SECVA Hearing Prep,Other-Misc Documents,,,
f0c242201334feab4f60c7a8d84f0c2ab17238e9,Million Veteran Program  Overview_ SECVA Hearing Prep_04292025_FINAL.docx,"Million Veteran Program Overview   April 28, 2025",Other-Misc Documents,,,
248d6e6ad75721a19460129dc0f646889c22e07f,"Multimodal Correlates of Cannabis Use Among U.S. Veterans with Bipolar Disorder An Integrated Study of Clinical Cognitive, and Functional Outcomes.pdf","Multimodal Correlates of Cannabis Use Among U.S. Veterans with Bipolar Disorder: An Integrated Study of Clinical, Cognitive, and Functional Outcomes",Publications-Studies,,,
debaa42cf3429bdb321c4118902fe62fa12a3f9d,"Multimodal Correlates of Cannabis Use Among U.S. Veterans with Bipolar Disorder An Integrated Study of Clinical Cognitive, and Functional Outcomes.pdf","Multimodal Correlates of Cannabis Use Among U.S. Veterans with Bipolar Disorder: An Integrated Study of Clinical, Cognitive, and Functional Outcomes",Publications-Studies,,,
ec4de596cd2dd3928fbc5a81588133f13c22c01f,"NBC News 10-23-24--A year after Maine mass shooting, gunman's family wants action on brain injury research in military.docx","NBC News 10-23-24--A year after Maine mass shooting, gunman's family wants action on brain injury research in military",News Articles,,,
01f32926f4527d27b4f5a62bd3907593800cc6da,"NBC News 9-18-24--Veterans wait 30 years on average for the U.S. to acknowledge toxic exposures, new report says.docx","NBC News 9-18-24--Veterans wait 30 years on average for the U.S. to acknowledge toxic exposures, new report says",News Articles,,,
4fa2d8b99986eaf232ced96891be1e8586d3d790,NEWS BRIEFS.docx,COVID NEWS BRIEFS,News Articles,,,
324a0e0aae3865193223953740e8f520d0ce70aa,NOSI 9-3-24 Women Veteran's Health and Health Care.pdf,NOSI 9-3-24 Women Veteran's Health and Health Care,Other-Misc Documents,,,
032a7eca0a22035fcea224cc9e2b060f6a8fd1bc,NPR 8-16-24 Here's how firing a weapon might hurt your brain — literally.docx,NPR 8-16-24 Here's how firing a weapon might hurt your brain — literally,Other-Misc Documents,,,
9ff365ef22dca841342a5ec6329ed9bb08085954,"NY TIMES 12-16-24--Seeking Relief From Brain Injury, Some Veterans Turn to Psychedelics.docx","NY TIMES 12-16-24--Seeking Relief From Brain Injury, Some Veterans Turn to Psychedelics",Other-Misc Documents,,,
d48f489b575144ea85f5f69ff2ef41943cdfcd91,NY Times 6-4-24 --FDA Panel Rejects MDMA-Aided Therapy for PTSD.docx,New York Times 6-4-24--FDA Panel Rejects MDMA-Aided Therapy for PTSD,Other-Misc Documents,,,
0b9bbecbb0845c3b060c7697b17c5640d7293dd1,Navy Times 8-8-24--Camp Lejeune water survivors urged to file claim before deadline.docx,Navy Times 8-8-24--Camp Lejeune water survivors urged to file claim before deadline,Other-Misc Documents,,,
96011580267ce75e998033dee92b91a063a79e3f,New York Times 01-09-24.docx,New York Times 1-9-24--Breathing Their Way to an Altered State,Other-Misc Documents,,,
cad4917d3dcbd0a034c55f32e6df02ef7c63dd0f,New York Times 3-5-24--Powerful Psychedelic Gains Renewed Attention as a Treatment for Opioid Addiction.docx,New York Times 3-5-24--Powerful Psychedelic Gains Renewed Attention as a Treatment for Opioid Addiction,Other-Misc Documents,,,
a5bc99435da90925570308845f2146f0582f841b,OFFICE OF RURAL HEALTH--BROCHURE.pdf,Caring for Rural Veterans,Other-Misc Documents,,,
5704b95802dd47f95abdada84471b9ff521395e2,OFFICE OF RURAL HEALTH--RURALITY FACT SHEET.pdf,How to Define Rurality Fact Sheet,Other-Misc Documents,,,
788ae6534b69c162eafb319679af6232e247e694,OFFICE OF RURAL HEALTH--TELEMEDICINE ISSUE BRIEF.pdf,ORH Veterans Rural Health Resource Center Issue Brief,Other-Misc Documents,,,
7069d8322e86430acd686973113171b4f0fa9fce,OMB Collect_VA Submission 4.10.24.pdf,OMB Collect_VA Submission 4.10.24,Other-Misc Documents,,,
1ff645ff4a6c53b8984b9f0576fa87da4ceed1bd,OPIA Distillation--MVP vs. All of Us.docx,OPIA Distillation: MVP vs. All of Us,Other-Misc Documents,,,
cfedf7ccd69553a4b4ab737a4baf99ac8ada83ed,ORD_RFA_BXCXHXRX-24-038_Psychedelic.pdf,ORD_RFA_BXCXHXRX-24-038_Psychedelic,RFA,,,
581cea344d6e374f078c7a32f57380bf0c64a9be,ORD_RFA_BXCXHXRX-24-201_Psychedelic-Pre-application.pdf,ORD_RFA_BXCXHXRX-24-201_Psychedelic-Pre-application,RFA,,,
8123b8ac0b888fbfab09ebebe3f67e36054813d5,"Ohio State University 11-18-24--Healing, spiritual purposes drive many veterans’ use of psychedelics.docx","Ohio State University 11-18-24--Healing, spiritual purposes drive many veterans’ use of psychedelics",Other-Misc Documents,,,
f50942e64980a14ac0227bce2fbe1493d7140d9f,"Oregon Public Broadcasting 7-15-24--Women veterans at higher risk for repeat suicide attempts than men, OHSU study suggests.docx","Oregon Public Broadcasting 7-15-24--Women veterans at higher risk for repeat suicide attempts than men, OHSU study suggests",Publications-Studies,,,
2a0a69351d570ead0966130122ebe79630166122,Oversight of VA Research with Animals.pdf,Oversight of VA Research with Animals,Other-Misc Documents,,,
64f70d1e9e1ee26d45d2ccdd2efc65354e06d8de,Oversight of VA Research with Animals.pdf,Oversight of VA Research with Animals,Other-Misc Documents,,,
aae89d58170dba3608ff84ab515d6ae5f5ca1234,Overview and Useful Links.docx,Covid Overview and Useful Links,Other-Misc Documents,,,
10c17d968083de83e6d0288a0bb310e0e017ff20,PACT Act TPs for Dr. Steve Lieberman--TERWG Roundtable--8-15-24.docx,PACT Act TPs for Dr. Steve Lieberman--TERWG Roundtable--8-15-24,Other-Misc Documents,,,
aa646845a324a0e4e866b4a86a87d146609ed759,POPCaP - PO Messaging.docx,POPCaP Transition Talking Points,Talking Points - Other,,,
c494568ef4da2c9deabbd0a11875879e4812c41b,PO_Moonshot Talking points_2023.10.11-km.docx,10-11-23: Precision Oncology Moonshot Talking Points,Talking Points - Other,,,
2d586ceb22c6a4703c064c7bc3b8a908eb712f6b,PRECISION ONCOLOGY MELTWATER NEWS LINKS.docx,PRECISION ONCOLOGY MELTWATER NEWS LINKS,News Articles,,,
606749e8c95c741b43f334691b9ec04cfb490d95,PRECISION ONCOLOGY WEB NEWS LINKS.docx,Precision Oncology Web News Links,News Articles,,,
b107aa96c38b3b1cd21b36201886d1b17665719b,PSYCHEDELICS MELTWATER NEWS LINKS.docx,PSYCHEDELICS MELTWATER NEWS LINKS,News Articles,,,
049812c073c53c8b7d805f7db7904840b1b27b0b,PSYCHEDELICS WEB NEWS LINKS.docx,Psychedelics Web-Based News Links,News Articles,,,
c15696451afc5c01eafe729c822adc1d49a991bb,PSYCHEDELICS--EMERGING THERAPIES TPs.docx,Psychedelics Talking Points: Emerging Therapies,Talking Points - Other,,,
7f4adfd45bcfa4b9bf3c3923c867b104f5867804,Pennsylvania College of Technology 12-12-24--Faculty’s research aids post-surgery care for patients with PTSD.docx,Pennsylvania College of Technology 12-12-24--Faculty’s research aids post-surgery care for patients with PTSD,Other-Misc Documents,,,
628145acd71b6d99ddba23709063de68d993ad57,Phychedelics Talking Points 11-1-23.docx,11-1-23: Psychedelics talking points for the U.S. Senate Committee on Veterans Affairs,Talking Points - Other,,,
7ffd46249e39ae6cdb512c8c8b8d5208256045e5,Politico 1-9-25--A push to stay at the VA.docx,Politico 1-9-25--A push to stay at the VA,Other-Misc Documents,,,
9846d00edcb7d5044aa6718a92dc982a2c0e2742,Politico 1-9-25--Advocate of psychedelic drugs wants to work with RFK Jr.docx,Politico 1-9-25--Advocate of psychedelic drugs wants to work with RFK Jr,Other-Misc Documents,,,
c7ecb8cd7251adaa63a76f12cf2ac64dd4921729,Politico 10-22-24--New Life for Psychedelics.docx,Politico 10-22-24--New Life for Psychedelics,Other-Misc Documents,,,
0eca642a8848ded0c8669dd0f3d2e4828053f2ff,Politico 10-30-24--The VA is undeterred on psychedelics.docx,Politico 10-30-24--The VA is undeterred on psychedelics,Other-Misc Documents,,,
848364783319b823f81af54e09795eb43a495c66,Politico 8-5-24--How a 3-star general came to believe in psychedelic medicine.docx,Politico 8-5-24--How a 3-star general came to believe in psychedelic medicine,Other-Misc Documents,,,
f3705d51b958080f2b5ebeefec817b780f0d3619,Politico 8-5-24--Psychedelic divide Lawmakers clash with FDA.docx,Politico 8-5-24--Psychedelic divide Lawmakers clash with FDA,Other-Misc Documents,,,
6e6586aef958bdf7edb086af8cb74caabf0e63c0,Precision Medicine 8-19-24--VA Aims to Automate Input of Pharmacogenomic Data Into EHR.docx,Precision Medicine 8-19-24--VA Aims to Automate Input of Pharmacogenomic Data Into EHR,Other-Misc Documents,,,
448bc83163be454e9334bf5796a17d1deba01cca,Press Release on Psychedelics - 01-05-23.pdf,Press Release on Psychedelics - 01-05-23,Press Releases,,,
ed6d86162180684b61205956ba11337f28685807,Prevalence and Epidemiology of Combat Blast Injuries from the Military Cohort 2001-2014.pdf,Prevalence and Epidemiology of Combat Blast Injuries from the Military Cohort 2001-2014,Other-Misc Documents,,,
3ea6a7032a0865e11eae51b29f050acd6c34cb9d,Psychedelic RFA Questions and Answers. Clancy.Scavella.ORD.OMHSP CLEARED 0900 12.27.2023.docx,12-27-23: Psychedelic RFA Questions and Answers. Clancy Scavella ORD-OMHSP Cleared,RFA,,,
9ba2e27be3645fe385cac60d06671395410c9d48,Psychedelic Research at the VA_Final 12.10.25.pdf,Psychedelic Research at the VA_Final.pdf,Other-Misc Documents,,,
5bbe2aee22197d76ae3a4820d44b3272c7f20e95,Psychedelic Research at the VA_South Pacific.pdf,Psychedelic Research at the VA_South Pacific,Other-Misc Documents,,,
954be54a9f21096e24cf6eb0888a0a6c9152d16a,Psychedelics article 6-2-24--Legalizing mushrooms gets no traction.docx,San Francisco Chronicle 6-2-24--Legalizing mushrooms gets no traction,News Articles,,,
469f6b263dba594c57840ede89ebebc6291ea4b1,Psychedelics-ORD-clean.docx,Psychedelics Research – VA ORD Key Messages and Background (Jan 2026),Other-Misc Documents,,,
cf0b7c33177373a30b4b2f0e42b93bec8c78a482,"Psychiatric Times 8-8-24--Officials, Veterans Urge Careful Consideration for MDMA-Assisted Psychotherapy.docx","Psychiatric Times 8-8-24--Officials, Veterans Urge Careful Consideration for MDMA-Assisted Psychotherapy",Other-Misc Documents,,,
7fa9565c7bb9c99a0151f3c6e3beb7346bd1a043,Psychology Today 12-26-24--How Psychotherapy for Trauma May Help Chronic Pain.docx,Psychology Today 12-26-24--How Psychotherapy for Trauma May Help Chronic Pain,Other-Misc Documents,,,
f506e7e1dcf02273cd16f4c335dfbef717e3c417,QRF for SVAC 12-11-23.docx,11-1-23 Sen. Boozman: Questions for the Record: Senate Veterans’ Affairs Committee Examining Research VA,Other-Misc Documents,,,
683fca03d15129a86cdccb673ce0a5f6c6f6a264,"REHABILITATION, RESEARCH AND DEVELOPMENT CENTERS 2025.docx","REHABILITATION, RESEARCH AND DEVELOPMENT CENTERS 2025",Other-Misc Documents,,,
c353f6d25b41192eac5fff7eaf9357457c47682b,REPORT- Study of All-Cause Mortality.pdf,REPORT- Study of All-Cause Mortality,Publications-Studies,,,
bff57ae970dba1e96da0db95139fdb9765e3b48a,REPORT--2015 VA-DOD Practice Guideline for the Management of Concussion--Mild Traumatic Brain Injury.pdf,VA/DoD Concussion-Mild Traumatic Brain Injury Clinical Practice Guideline,Other-Misc Documents,,,
db25f8a9cc146753caeda84f2ed37385881c9966,REPORT--Accommodating-Student-Veterans-with-Traumatic-Brain-Injury-and-Post-Traumatic-Stress-Disorder.pdf,REPORT--Accommodating-Student-Veterans-with-Traumatic-Brain-Injury-and-Post-Traumatic-Stress-Disorder,Other-Misc Documents,,,
22f6ecd9dfc4f846797cce31c8c60ac87c5b76be,REPORT--Evaluation of the Disability Determination Process for Traumatic Brain Injury in Veterans (2019).pdf,Evaluation of the Disability Determination Process for Traumatic Brain Injury in Veterans,Other-Misc Documents,,,
c24318b2860d4ca0eb7db85556ef07d4019c5993,REPORT--Mild Traumatic Brain Injury-Concussion-Pocket Guide for Clinicians.pdf,Mild Traumatic Brain Injury - Concussion: Pocket Guide for Clinicians,Other-Misc Documents,,,
c5bc4efa5e806136c214819705db308a56d867f2,RFA Summary-30Oct2023-v2.docx,October 2023: Request for Proposals – Psychedelics for Mental Health Conditions Summary,RFA,,,
a540753368fd789096bf1c185c7d4ea8d9e03094,RFI from HVAC Min re_ VA psychedelic research funding.pdf,RFI from HVAC Min re_ VA psychedelic research funding,Other-Misc Documents,,,
3fd8d9d38fa7795939c4fbde99b4b1d033c1129c,RTQs ON EXTERNALLY FUNDED PSYCHEDELIC RESEARCH 1-8-25.docx,RTQs ON EXTERNALLY FUNDED PSYCHEDELIC RESEARCH 1-8-25,Other-Misc Documents,,,
3500543fdbfb2ee0fdb2cd30b34931041e4cd44e,RURAL HEALTH MELTWATER NEWS LINKS.docx,Rural Health News Links via media monitoring software (Meltwater),News Articles,,,
dbdb6caf24ebc130592c08c054112c833f0de979,"RURAL HEALTH TESTIMONY (SVAC, May 2024) _ V1.docx",VA Rural Health Testimony before the U.S. Senate Committee on Veterans Affairs (May 2024),Testimony - Congress Speeches,,,
2d9b94e5feb58d2116f33fe1cb6f3bdee51d8e2c,Reducing Access to Firearms--A Suicide Prevention Guide for Line Leaders.pdf,Reducing Access to Firearms: A Suicide Prevention Guide for Line Leaders,Other-Misc Documents,,,
8a1378bc8f2a4cdf617d4373f6ff4a6e90dca68f,"Relationship of Deployment-related Mild Traumatic Brain Injury to PosttraumaticStress Disorder, Depressive Disorders, Substance Use Disorders, Suicidal Ideation, and Anxiety Disorders.pdf","Relationship of Deployment-related Mild Traumatic Brain Injury to Posttraumatic Stress Disorder, Depressive Disorders, Substance Use Disorders, Suicidal Ideation, and Anxiety Disorders: A Systematic Review",Other-Misc Documents,,,
48f0a6dba2911ab49ca38566acc7d935ccf000fb,Report- Study of All-Cause Mortality- Cost Estimate.pdf,Report- Study of All-Cause Mortality- Cost Estimate,Publications-Studies,,,
fd037aa3c74d822faaf59cbe721aa85da6bcf33c,Response to TBI questions from Rep. McGarvey-Van Orden-Deluzio Letter to SECVA07242024-v2.docx,"Response to TBI questions from Representatives McGarvey-Van Orden-Deluzio (Letter to VA secretary, 7-24-24)",Other-Misc Documents,,,
6b25ed81ca0dcf00cbfaf7cbb98a422ad824ebd5,SAC Hearing Prep - Clinical trials final (003).docx,VA Clinical Trials – Hearing Prep Background and Key Messages (Jan 2026),Other-Misc Documents,,,
309c18811107ca3431f7f9594046578abe6c80e4,SCI ALS_ORD Talking Points for PVA Final.docx,Talking Points for Secretary Collins’ Meeting with  the Paralyzed Veterans of America,Talking Points - VA-VHA,,,
eaa51039b31c8804b34e9deeddee2e5b9c83999b,SECVA Briefing Book on Psychedelics Research.docx,SECVA Briefing Book on Psychedelics Research,Other-Misc Documents,,,
779ab33e0e97cbb6233038e75443d2469bd48aa6,STAT 7-18-24--Massive study of veterans’ DNA shows how diversity can help researchers decipher the genome.docx,STAT 7-18-24--Massive study of veterans’ DNA shows how diversity can help researchers decipher the genome,Publications-Studies,,,
e96ca5e4a1ce7beedc31094d4134df7edf1e926e,STUDY 2013--Complications of Mild Traumatic Brain Injury in Veterans and Military Personnel--A Systematic Review.pdf,Complications of Mild Traumatic Brain Injury in Veterans and Military Personnel: A Systematic Review,Publications-Studies,,,
207c188807ed9166efa9d18298f3915a3ef0d4b8,"STUDY 2016 Unintended Pregnancy and Abortion in the US Navy, 2016.pdf","Unintended Pregnancy and Abortion in the US Navy, 2016",Publications-Studies,,,
ca88c5133096790de48239cc3eb5fcf096641c24,STUDY 2022 Accelerating Generation and Impacts of Research Evidence to Improve Women Veterans Health and Health Care.pdf,Accelerating Generation and Impacts of Research Evidence to Improve Women Veterans’ Health and Health Care,Publications-Studies,,,
d3a9626feaff1742fdcf52baf43ed7c626515d94,STUDY 2022 Examining Pregnant Veterans Acceptance and Beliefs Regarding the COVID-19 Vaccine.pdf,Examining Pregnant Veterans’ Acceptance and Beliefs Regarding the COVID-19 Vaccine,Publications-Studies,,,
4664cbdbd55ad84aec65cbe9252b033c4639b963,STUDY 2022 Gonorrhea and Chlamydia Testing and Case Rates Among Women Veterans in the Veterans Health Administration.pdf,Gonorrhea and Chlamydia Testing and Case Rates Among Women Veterans in the Veterans Health Administration,Publications-Studies,,,
e92194f098e72b7a5a19f92fd462677d8ffead74,STUDY 2022 Increasing Engagement of Women Veterans in Health Research.pdf,Accelerating Generation and Impacts of Research Evidence to Improve Women Veterans’ Health and Health Care,Publications-Studies,,,
e343bfe726b89c3b37e4c2d3f155e3ad184faf3c,STUDY 2022 Moving Women Veterans HEalth Research Forward-a Special Supplement.pdf,Moving Women Veterans’ Health Research Forward: a Special Supplement,Publications-Studies,,,
f93d0ac809ec147f225cbf2b0a5072b2a19718b4,STUDY 2022 Women Veterans' Healthcare Needs Utilization and Preferences in Veterans Affairs Primary Care Settings.pdf,"Women Veterans’ Healthcare Needs, Utilization, and Preferences in Veterans Affairs Primary Care Settings",Publications-Studies,,,
42bf71652964709e7af67c2f5425954783771241,STUDY 2022--Improving Care for Veterans with Traumatic Brain Injury Across the Lifespan.pdf,Improving Care for Veterans with Traumatic Brain Injury Across the Lifespan,Publications-Studies,,,
e7f2ba06b28423ffcfd69e25b9eaec5811eb89d3,STUDY 2023 Infertility Services for Veterans Enrolled in Veterans Health Administration Care.pdf,Enhancing Primary Care and Mental Health Integration for Women Veterans with Complex Healthcare Needs Using Evidence-Based Quality Improvement,Publications-Studies,,,
6af2a799c0bf29f834c0b9d078d2d5edb7188bfc,STUDY 2023 Perspectives of VA healthcare from rural women veterans not enrolled in or using VA healthcare.pdf,Perspectives of VA healthcare from rural women veterans not enrolled in or using VA healthcare,Publications-Studies,,,
7cbfce4d1c5f33b82a0e8b573f8b87eea2427199,STUDY 2024 Exploring Gender Differences in Veterans in Secondary Analysis of a Randomized Controlled Trial of Mindfullness for Chronic Pain.pdf,WHR-2023-0086-ver9-Burgess_2P 82..92,Publications-Studies,,,
82bfe0c09ccf8cb3e88c0b195d19ff2055a7118f,STUDY 2024 Long-Term Health Outcomes of Traumatic Brain Injury in Veterans.pdf,STUDY 2024 Long-Term Health Outcomes of Traumatic Brain Injury in Veterans,Publications-Studies,,,
bec6af39df0a4a2fc40683e58a045d3d304b53e8,STUDY--Long-Term Health Outcomes of Traumatic Brain Injury in Veterans.pdf,STUDY--Long-Term Health Outcomes of Traumatic Brain Injury in Veterans,Publications-Studies,,,
2db841f398fba88d6ae4eeaf1ad4d0397b368595,STUDY--Rural Veterans' Experiences With Outpatient Care in the Veterans Health Administration Versus Community Care.pdf,STUDY--Rural Veterans' Experiences With Outpatient Care in the Veterans Health Administration Versus Community Care,Publications-Studies,,,
6417055bde37bb5aa1d5e4adcc91eb5b4b71e58d,STUDY--Strategies to Improve Long-Term Outcomes for Veterans with Traumatic Brain Injury.pdf,Strategies to Improve Long-Term Outcomes for Veterans with Traumatic Brain Injury,Publications-Studies,,,
2d3ae8fa81d9e50962ab5e024088ee1353e51f81,Scientific American 8-13-24--FDA’s Rejection of MDMA Psychotherapy for Trauma Draws Criticism from Psychedelic Experts.docx,Scientific American 8-13-24--FDA’s Rejection of MDMA Psychotherapy for Trauma Draws Criticism from Psychedelic Experts,Other-Misc Documents,,,
83dfc17a322bcdc6c2f677062df50e1b55d7c921,"Scientific American 8-14-24--As veterans with PTSD continue to die by suicide, FDA demands do-over for MDMA trials.docx","Scientific American 8-14-24--As veterans with PTSD continue to die by suicide, FDA demands do-over for MDMA trials",Other-Misc Documents,,,
6e6e1c5df8f8ffb3c9a55e72d2684e078211e3bb,Smithsonian 01-09-24.docx,Smithsonian Magazine 1-9-24--A Lesser-Known Psychedelic Drug Shows Promise for PTSD Treatment,Other-Misc Documents,,,
f8cb4cb847c04b143a426b2f42b9e5b209d0c512,Sourcebook--Women Veterans in VHA--Vol2.pdf,Sourcebook: Women Veterans in the Veterans Health Administration Vol. 2,Other-Misc Documents,,,
49445d0419805a80da9a200bd5f2bdd0200f1024,Sourcebook--Women Veterans in VHA--Vol3.pdf,Sourcebook--Women Veterans in VHA--Vol3,Other-Misc Documents,,,
ebfdb6e5aeec50d10f6e36e4d2f4bb410e52710d,Stars & Stripes 9-5-24--Senators push $15M bill to study birth defects in children of veterans exposed to toxic chemicals.docx,Stars & Stripes 9-5-24--Senators push $15M bill to study birth defects in children of veterans exposed to toxic chemicals,Publications-Studies,,,
a1070d30f544bd1d1295909e0de8165b1af8ecce,Stars and Stripes 01-09-24.docx,"Stars and Stripes 1-9-24--VA to fund large-scale studies of magic mushrooms, ecstasy to treat PTSD",Other-Misc Documents,,,
abcad0448231cd796593a9779fa78d84acabf81b,State of Cardiovascular Health in Women Veterans--Vol1.pdf,State Of Cardiovascular Health in Women Veterans Volume 1: VA Outpatient Diagnoses and Procedures in Fiscal Year (FY) 2010,Other-Misc Documents,,,
0c2634c15775e86b25f28557191141c2fd119b41,State of Cardiovascular Health in Women Veterans--Vol2.pdf,Microsoft Word - State of Cardiovascular Health in Women Veterans.Final.07.06.17.docx,Other-Misc Documents,,,
4407053a1f245122ef00671fc061a214acae89ab,State of Reporductive Health Report-II.pdf,VHA Women's Health State of Reproductive Health Report Volume II,Other-Misc Documents,,,
9af68022faaff3e5b72b9e254f1bf8ad1b37e921,State of the Science Final Draft 12.10.25.docx,State of the Science Final Draft 12.10.25,Other-Misc Documents,,,
d0f257525bee593b57b2e26b51ab85148f5ea0a9,Statement from VA press Secretary - Animal Research.docx,Statement from VA press Secretary - Animal Research - Stars and Stripes,Other-Misc Documents,,,
0dd0a41ce2e2e9ea38153fb8845fb6bd8859ccbd,Statement from VA press Secretary - Animal Research.docx,Statement from VA press Secretary - Animal Research - Stars and Stripes,Other-Misc Documents,,,
caa62b84e783072988c49f81ae4d6397d0b2f84f,Study of Barriers for Women Veterans to VA Health Care.pdf,Study of Barriers for Women Veterans to V.A. Health Care,Publications-Studies,,,
428a946f63d55d8271a7d076a8f8332cd41f8bb4,Suggested Statement VA Psychedelic Research for PTSD 02.28.23VM.docx,2-28-23: Suggested Statement--VA Psychedelic Research for PTSD,Other-Misc Documents,,,
d2c08459c15e95ce1414da6587a484803411e810,Suicide Prevention Overcoming Suicidal.pdf,Suicide Prevention Handout 080714 v1,Other-Misc Documents,,,
19d67820924b99609ec038ed79ebc89b816a9d12,Suicide Prevention--A Guide for Military and Veteran Families.pdf,Suicide Prevention: A Guide for Military and Veteran Families,Other-Misc Documents,,,
f88e46591613dbfa4af5c2887d5ffa732a6948ec,Suicide Prevention--Crisis Response Plan.pdf,Crisis Response Plan,Other-Misc Documents,,,
33b8ca7f816db3c73eeb7988e0d4daf85d233703,Suicide Prevention--Lethal Means Safety Counseling Recommendations for Providers.pdf,Lethal Means Safety Counseling: Recommendations for Providers,Other-Misc Documents,,,
53763cf49602b0fd1d70d711d1b8688e1a4265cc,Suicide Prevention--Risk Factors and Warning Signs for Family Members and Caregivers.pdf,Suicide Prevention: Risk Factors and Warning Signs for Family Members and Caregivers,Other-Misc Documents,,,
c25b2ed483e957e52dd6a4ec8bf3c185bf27682d,Suicide Prevention--Safety Plan Worksheet.pdf,Safety Plan Worksheet,Other-Misc Documents,,,
e1815689d5978ccc64b3a35913cbb75eb875da35,Suicide Risk A Guide for Department of Defense Line Leaders.pdf,Suicide Risk: A Guide for Department of Defense Line Leaders,Other-Misc Documents,,,
c6946c8f41057b6901f2e00f9722748d00a9221a,TALKING POINTS PSYCHEDELICS - MR.docx,Psychedelics Talking Points,Talking Points - Other,,,
2dae6ee3fd5a5254578f0377b1990c407678463d,TBI MELTWATER NEWS LINKS.docx,TBI MELTWATER NEWS LINKS,News Articles,,,
d26034d388fd2a47a6e723da622fef09af60892a,TBI TALKING POINTS - FINAL.docx,TBI TALKING POINTS - FINAL,Talking Points - Other,,,
0c1855afb35553976a78e7e6dff0dd129f47c442,TBI Web Links.docx,Traumatic Brain Injury Web-Based Links,Other-Misc Documents,,,
096d48cda9778aeac4214209114296ef934e4ac6,TERWG strategic report talkers 8.2.24 for KR.docx,TERWG Strategic Report Talking Points,Talking Points - Other,,,
a0004ad00fbc7651dbbdf4b21b123612e06cd816,THE 5-YEAR PLAN.docx,Sensitive Species: The 5-Year Plan,Other-Misc Documents,,,
a36748498ebb7b8f04553358236c23fde5ef5913,THE 5-YEAR PLAN.docx,Sensitive Species: The 5-Year Plan,Other-Misc Documents,,,
5ce82d363c901ad19d585615db029cd1739e5ed5,THE RURAL HEALTH PRIORITY.docx,Access to Care and Rural Health: Point of Contact: Dr. Amanda Borsky,Other-Misc Documents,,,
be5eb65861afcd045578837377f526612d377c7f,TOXINS WEB LINKS--NEWS ARTICLES.docx,TOXINS WEB LINKS--NEWS ARTICLES,News Articles,,,
446909dba4372b4e8158b84057d0f9b8e72ade05,TOXINS-MERP-PACT ACT MELTWATER NEWS LINKS.docx,TOXINS-MERP-PACT ACT MELTWATER NEWS LINKS,News Articles,,,
478260983b319d7f2c063adf0ac1919471735c0c,TPs -- SVAC HEARING ON RURAL HEALTH.docx,Talking Points on rural health for U.S. Senate Committee on Veterans Affairs,Talking Points - VA-VHA,,,
39e112cd29c5a64debfb3328966dc73b68953fb8,TPs--PRECISION ONCOLOGY - MR-KM-MR.docx,Precision Oncology Talking Points,Talking Points - Other,,,
f0204a133c81d4fbfb59fe2744656aa7658069ae,Talking Points on Medicinal Marijuana 9-3-24.docx,Talking Points on Medicinal Marijuana (for Denis McDonough interview) 9-3-24,Talking Points - Other,,,
d037456d3bfc906c5b0954e25e1c75042da87f73,Task & Purpose 11-27-24--FDA greenlights study of marijuana as PTSD-treatment for vets.docx,Task & Purpose 11-27-24--FDA greenlights study of marijuana as PTSD-treatment for vets,Publications-Studies,,,
6fb65e8267812406bb5b369bc022674a4853c6d1,Task & Purpose 9-23-24--Pentagon to invest $500 million to study health issues affecting servicewomen.docx,Task & Purpose 9-23-24--Pentagon to invest $500 million to study health issues affecting servicewomen,Publications-Studies,,,
c5ca216459507ecca7f1fbb0f7041214961dad5a,TeleOncology and Virtual Tumor Boards Talking Points 8-7-24.docx,TeleOncology and Virtual Tumor Boards Talking Points 8-7-24,Talking Points - Other,,,
ae9250de91e3c268463252505b92ff93124edf51,The Atlantic 6-3-24 Psychedelics Are Challenging the Scientific Gold Standard.docx,The Atlantic 6-3-24--Psychedelics Are Challenging the Scientific Gold Standard,Other-Misc Documents,,,
0d2cf45d5468180413a8327f5908f64df0653e54,The Hill 8-26-24--Opinion - FDA’s MDMA rejection delays PTSD treatment options.docx,The Hill 8-26-24--Opinion - FDA’s MDMA rejection delays PTSD treatment options,Other-Misc Documents,,,
e298d80812841655a7f5dc2cbc009ac3db6dd2c0,"The New York Times 11-20-24--Weed for PTSD Eager for Better Cannabis Science, F.D.A. Clears Study.docx","The New York Times 11-20-24--Weed for PTSD Eager for Better Cannabis Science, F.D.A. Clears Study",Publications-Studies,,,
437456794fdf9da43fa44840f97e5562a9ad562b,The State of Reproductive Health in Women Veterans.pdf,VA State of Reproductive Health Report in Women Veterans,Other-Misc Documents,,,
77ef66fd42fa50d537b7cfee2a62d6a5ca2dfbdc,"The Washington Informer 8-28-24--From Shaw to Shaping the Future of Genomics, Dr. Tshaka Cunningham Carves a Path for Black People in Science.docx","The Washington Informer 8-28-24--From Shaw to Shaping the Future of Genomics, Dr. Tshaka Cunningham Carves a Path for Black People in Science",Other-Misc Documents,,,
1916d0243c928fcb01c2ee372d9c48826606f1df,Toxic Exposure Research Strategic Plan Progress Report- Cost Estimate--Congressman Mike Bost.pdf,Toxic Exposure Research Strategic Plan Progress Report- Cost Estimate--Congressman Mike Bost,Other-Misc Documents,,,
d7081b5f5a1c3222f2fcd945336f3337e44e5287,Toxic Exposure Research Strategic Plan Progress Report--Congressman Mark Takano--August 2024.pdf,Toxic Exposure Research Strategic Plan Progress Report--Congressman Mark Takano--August 2024,Other-Misc Documents,,,
4217764b39bc43d9bd5a9086988a28a3e646bf6f,Toxic Exposure Research Strategic Plan Progress Report--Congressman Mike Bost--August 2024.pdf,Toxic Exposure Research Strategic Plan Progress Report--Congressman Mike Bost--August 2024,Other-Misc Documents,,,
e283caf67ba07b3c2d79acb456669d8713094140,Toxic Exposure Research Strategic Plan Progress Report--Cost Estimate--Congressman Mark Takano.pdf,Toxic Exposure Research Strategic Plan Progress Report--Cost Estimate--Congressman Mark Takano,Other-Misc Documents,,,
76b4d6e3845640ab399edc7778c5aea5c7212867,Toxic Exposure Research Strategic Plan Progress Report--Cost Estimate--Senator Jon Tester.pdf,Toxic Exposure Research Strategic Plan Progress Report--Cost Estimate--Senator Jon Tester,Other-Misc Documents,,,
a94a3c8008b9d75cf21fd4352912c4eef1932991,Toxic Exposure Research Strategic Plan Progress Report--Letter to Congressman Mark Takano--8-8-24.pdf,Toxic Exposure Research Strategic Plan Progress Report--Letter to Congressman Mark Takano--8-8-24,Other-Misc Documents,,,
647c628471e31da7ddfe41a50a5a648d3339f1bb,Toxic Exposure Research Strategic Plan Progress Report--Letter to Senator Jerry Moran--8-8-24.pdf,Toxic Exposure Research Strategic Plan Progress Report--Letter to Senator Jerry Moran--8-8-24,Other-Misc Documents,,,
dd37817f76536f9e879864a86831c380d182b9db,Toxic Exposure Research Strategic Plan Progress Report--Letter to Senator Jon Tester--8-8-24.pdf,Toxic Exposure Research Strategic Plan Progress Report--Letter to Senator Jon Tester--8-8-24,Other-Misc Documents,,,
5e88e60c4f2b016d17518777f27ec5a0be6285f8,Toxic Exposure Research Strategic Plan Progress Report--Senator Jerry Moran--August 2024.pdf,Toxic Exposure Research Strategic Plan Progress Report--Senator Jerry Moran--August 2024,Other-Misc Documents,,,
a7e4fc4593885ecf7cd95749115084886278604c,Toxic Exposure Research Strategic Plan Progress Report--Senator Jerry Moran--Cost Estimate.pdf,Toxic Exposure Research Strategic Plan Progress Report--Senator Jerry Moran--Cost Estimate,Other-Misc Documents,,,
97ba969325eeca09acbaa45490889d3b6919c3d3,Toxic Exposure Research Strategic Plan Progress Report--Senator Jon Tester--August 2024.pdf,Toxic Exposure Research Strategic Plan Progress Report--Senator Jon Tester--August 2024,Other-Misc Documents,,,
cc53f9d9deadd65f1295980b3f739d27b22539c9,Toxic Exposure Research Strategic Plan Progress Report--VA letter to Congressman Mike Bost--8-8-24.pdf,Toxic Exposure Research Strategic Plan Progress Report--VA letter to Congressman Mike Bost--8-8-24,Other-Misc Documents,,,
04ed5efb412e328d9bcf9c4b26d55d040f6579cd,Transcript_TM_Hearing_HVR029.110_1-29-24.docx,1-29-24: Transcript for Congressional Hearing on AI: The Future of Data Privacy and Artificial Intelligence at VA,Other-Misc Documents,,,
6d5afc4202810611512ce4915964bbe0cf31787f,Transcript_TM_Hearing_HVR029.110_1-29-24.docx,1-29-24: Transcript for Congressional Hearing on AI: The Future of Data Privacy and Artificial Intelligence at VA,Other-Misc Documents,,,
3936888900c9094fe4798462841728ed2f2e4509,UCLA Newsroom 12-9-24--MDMA-assisted therapy could improve neurorehabilitation of injured service members beyond PTSD.docx,UCLA Newsroom 12-9-24--MDMA-assisted therapy could improve neurorehabilitation of injured service members beyond PTSD,News Articles,,,
4e803f7aaf844cdee8a8d34d5a22d5a4e80da70e,UPI 8-1-24--VA launches expanded burn pit registry with automatic inclusion for many vets.docx,UPI 8-1-24--VA launches expanded burn pit registry with automatic inclusion for many vets,Other-Misc Documents,,,
88bdb198ea0d9d256878ca2a001174d423b39744,US Medicine 12-10-24--Chronic Ill Health Remains an Issue for Many Gulf War Veterans.docx,US Medicine 12-10-24--Chronic Ill Health Remains an Issue for Many Gulf War Veterans,Other-Misc Documents,,,
7e8c48147787bf6a96a36bd77018a0f4fb61cec1,VA Animal Research Guidance Documents.pdf,VA Animal Research Guidance Documents,Other-Misc Documents,,,
3ca7a132ec98f0d4ce52244a7f1e08349851941d,VA Animal Research Guidance Documents.pdf,VA Animal Research Guidance Documents,Other-Misc Documents,,,
e4585df6a52ee34d4cb16a7269662220f09e0e0f,VA Animal Research Program.pdf,VA Animal Research Program,Other-Misc Documents,,,
d7f0e07bbe05f2089992dbb25cecb900c683f049,VA Animal Research Program.pdf,VA Animal Research Program,Other-Misc Documents,,,
c6370d6845c059fd2ffa940817f7fe423f6cfbbc,VA CLINICAL TRIALS-CSP TALKING POINTS - FINAL.docx,TALKING POINTS--VA CLINICAL TRIALS-VA COOPERATIVE STUDIES PROGRAM - FINAL,Talking Points - VA-VHA,,,
a9ed46fcca0ad59513b786486cd826c2f9d82178,VA IRB TALKING POINTS (Q&A).docx,VA IRB TALKING POINTS (Q&A),Talking Points - VA-VHA,,,
f9596968eabce19eb9ba4efe5264090345fdd24c,VA News 12-3-24--VA funds first study on psychedelic-assisted therapy for Veterans.docx,VA News 12-3-24--VA funds first study on psychedelic-assisted therapy for Veterans,News Articles,,,
46d9a1cb22108bec81793dfd1318858d0d800871,"VA News 8-9-24--In two years of the PACT Act, VA has delivered benefits and health care to millions of toxic-exposed Veterans and their survivors.docx","VA News 8-9-24--In two years of the PACT Act, VA has delivered benefits and health care to millions of toxic-exposed Veterans and their survivors",News Articles,,,
7395f12df6ec5eee4c0d8c98dd8e93c3bdf5122d,VA OFFICE OF MENTAL HEALTH AND SUICIDE PREVENTION GUIDEBOOK (June 2018).pdf,VA Office of Mental Health and Suicide Prevention Guidebook,Other-Misc Documents,,,
306bdc7bd1659d7b24efe2cd31738859475a45d0,VA Pregnancy and Maternity Care Research.pdf,VA Pregnancy and Maternity Care Research,Other-Misc Documents,,,
856eb3de681c203cdcd6d15520e45fe4aab34a17,VA Research Accomplishments 4.4.25 um.docx,VA Research – “Top Lines”,Other-Misc Documents,,,
8bc2a92f7fe4efeb9347ab2ee9b010b7df05f660,VA WOMEN VETERANS PROSTHETICS RESEARCH -- Oct. 2024 update.docx,VA WOMEN VETERANS PROSTHETICS RESEARCH -- Oct. 2024 update,Other-Misc Documents,,,
e739ef089854ec4a28a1d23c7688737069d33d38,VA funds first study on psychedelic-assisted therapy for Veterans.docx,VA funds first study on psychedelic-assisted therapy for Veterans ,Publications-Studies,,,
1bd094296b6cbf41fbe9923157806d7591e5a121,VA overview psychedelics research_11223.docx,11-2-23: VA Overview: Research on Treating Mental Health Conditions with Psychedelic-Assisted Psychotherapy,Other-Misc Documents,,,
2a670bf37d6e8458354dd29879437984b784eb6e,VA-community care comparisons.docx,VA Community Care News Briefs (study summaries),News Articles,,,
88770ca8fd06fc7945a58ba3a19c6ff9af5809e5,VADOD-CPG-Suicide-Risk-Full-CPG-2024_Final_508.pdf,VA/DoD Clinical Practice Guideline for Assessment and Management of Patients at Risk for Suicide,Other-Misc Documents,,,
25e0de36f5c845b8e61c2d8f3d66a03ba6a5b05d,VADOD-CPG-Suicide-Risk-Patient-Summary-2024_Final_508.pdf,VA/DoD_Clinical_Practice_Guideline_(CPG)_for_the_Assessment_and_Management_of_Patients_at_Risk_for_Suicide,Other-Misc Documents,,,
1cf6c9f0799f3e02ec399658ca5174e9d5fb0a5d,VADOD-CPG-Suicide-Risk-Pocket-Card-2024_Final_508.pdf,VA/DoD_CPG_for_the_Assessment_and_Management_of_Patients_at_Risk_for_Suicide,Other-Misc Documents,,,
288c5c53610dfc78e5c506d4a9ac611056fe1b24,VADOD-CPG-Suicide-Risk-Provider-Summary-2024_Final_508.pdf,VA/DoD_Clinical_Practice_Guideline_for_Assessment_and_Management_of_Patients_at_Risk_for_Suicide,Other-Misc Documents,,,
dda59183e9fef4b572ad6ca6e610dca91708cf70,VHA HBOT-ORD-clean.docx,Hyperbaric Oxygen Therapy (HBOT) – VA ORD Key Messages and Background (Jan 2026),Other-Misc Documents,,,
06f2b3169dee460dcb9ee1760cc27b0c1150accd,Vanderbilt University Medical Center 10-2-24--VA establishes analytics team to improve acute care for rural veterans.docx,Vanderbilt University Medical Center 10-2-24--VA establishes analytics team to improve acute care for rural veterans.docx,Other-Misc Documents,,,
6363c20bc584767212cae7142b2883bba3caea36,Visual Dysfunction in Patients--A Systematic Review.pdf,Visual Dysfunction in Patients--A Systematic Review,Other-Misc Documents,,,
89f3f85fc41f25204cb32239a30b298a1d7333b4,Vox 8-13-24--MDMA’s 40-year fight for medical approval continues.docx,Vox 8-13-24--MDMA’s 40-year fight for medical approval continues,Other-Misc Documents,,,
c5981dae1169f21cf34412036737763bc9c48ed7,WDTN Report 01-11-24.docx,"WDTN (ABC-2, Nexstar, Video) 1-11-24--VA to begin funding psychedelic research for PTSD, substance abuse",Other-Misc Documents,,,
0d341f7b8d39e4ed3027885a2c8f4ebb80a3772c,WEB LINKS ON RURAL HEALTH.docx,Rural Health web-based links,Other-Misc Documents,,,
2d45f149927dc08202a2d0e9a673603ca38e386f,WLKT (CBS19) 12-16-24--7 in 100 veterans struggle with PTSD. A new bill would allow SC doctors to treat them with medical marijuana.docx,WLKT (CBS19) 12-16-24--7 in 100 veterans struggle with PTSD. A new bill would allow SC doctors to treat them with medical marijuana,Other-Misc Documents,,,
36ea3617e7829276025b36a161b4943704a03bd8,WOMEN'S HEALTH MELTWATER NEWS LINKS.docx,WOMEN'S HEALTH MELTWATER NEWS LINKS,News Articles,,,
34f9e9e2387c91ca0ae5c4338869f6d13eea6b49,WOMEN'S HEALTH TPs - FINAL.docx,Women's Health Talking Points,Talking Points - Other,,,
b3cb62797fc191f4eac4622bb3b84c7c6231c94b,WOMEN'S HEALTH TPs UpdateRamoni_03192024.ab-MR.docx,WOMEN'S HEALTH TPs--UPDATE RAMONI 3-19-24,Other-Misc Documents,,,
bbe01632ca3e2f75ac72f79dfdc18bd484ca908a,WOMEN's HEALTH WEB NEWS LINKS.docx,Women's Health: Web-Based News Links,News Articles,,,
f8783e84b78c76c8af070c384078fcb69482ee1a,Wall Street Journal 8-23-24--FDA Widens Probe of Ecstasy-Based Drug Studies.docx,Wall Street Journal 8-23-24--FDA Widens Probe of Ecstasy-Based Drug Studies,Other-Misc Documents,,,
3dbb1311dec1aa0c678941f580c8e5693b53cf4c,Washington Post 5-31-24 Ecstasy’s path to approval for PTSD treatment faces doubts from FDA staff.docx,The Washington Post 5-31-24--Ecstasy’s path to approval for PTSD treatment faces doubts from FDA staff,Other-Misc Documents,,,
2bdb18796916a4e96c734f184b2b33448eab5237,Worcester Telegram & Gazette 9-25-24--We asked doctors Should Massachusetts voters legalize magic mushrooms.docx,Worcester Telegram & Gazette 9-25-24--We asked doctors Should Massachusetts voters legalize magic mushrooms,Other-Misc Documents,,,
